"","V1","V2","V3","V4","V5","V6","Y","target"
"1",1,0,0,0,0,0,4,2
"2",0,0,0,1,0,0,5,2
"3",1,0,1,1,1,1,3,0
"4",0,0,0,0,0,0,5,2
"5",0,0,0,0,0,0,5,2
"6",1,1,1,0,0,0,2,1
"7",0,0,0,0,0,0,3,2
"8",1,1,1,1,1,0,3,0
"9",1,1,1,0,0,0,3,1
"10",0,0,0,0,0,0,5,2
"11",1,1,1,0,0,0,4,1
"12",1,1,1,0,0,0,3,1
"13",0,1,0,1,0,0,5,2
"14",0,0,0,1,0,0,2,2
"15",1,1,1,1,1,1,4,0
"16",1,1,1,1,1,1,2,0
"17",0,0,0,1,0,1,4,2
"18",0,0,0,0,0,0,5,2
"19",1,0,1,0,0,0,1,1
"20",1,1,1,1,1,1,4,0
"21",1,1,1,0,0,1,2,0
"22",0,0,0,0,0,0,5,2
"23",1,1,1,1,1,1,4,0
"24",1,1,1,0,0,0,1,1
"25",1,1,1,0,0,0,1,1
"26",1,0,1,1,1,1,3,0
"27",1,1,0,1,0,1,3,0
"28",0,1,1,0,0,1,2,1
"29",1,0,1,1,1,1,4,0
"30",0,0,0,0,0,0,4,2
"31",1,1,1,1,1,1,3,0
"32",0,0,0,0,0,0,4,2
"33",0,0,0,0,0,0,4,2
"34",1,1,1,0,0,0,1,1
"35",1,1,1,0,0,0,3,1
"36",0,0,0,0,1,0,5,2
"37",1,1,1,0,1,1,3,0
"38",0,0,0,0,0,1,5,2
"39",0,0,0,0,0,0,1,2
"40",1,1,1,0,0,0,2,1
"41",0,0,0,0,0,0,4,2
"42",1,1,1,0,0,0,1,1
"43",0,0,0,0,0,0,4,2
"44",1,1,1,1,1,1,2,0
"45",1,1,1,0,0,1,2,1
"46",1,1,1,1,0,0,1,1
"47",1,1,1,1,1,1,2,0
"48",0,0,0,0,0,0,5,2
"49",1,1,1,1,1,1,2,0
"50",0,1,0,0,0,0,4,2
"51",1,1,1,1,1,1,4,0
"52",1,0,1,0,1,1,4,1
"53",0,0,1,0,0,0,4,2
"54",0,1,0,0,0,0,5,2
"55",1,1,1,0,0,0,3,1
"56",1,1,0,1,0,0,1,1
"57",0,0,0,0,0,0,4,2
"58",1,1,1,1,1,1,2,0
"59",1,1,1,1,0,0,4,1
"60",1,1,0,1,1,1,2,0
"61",0,0,0,0,0,0,2,2
"62",0,1,0,0,0,0,4,2
"63",0,0,0,0,0,0,5,2
"64",0,1,1,0,0,0,2,1
"65",1,0,1,0,0,0,2,1
"66",0,0,0,0,0,0,4,2
"67",1,1,1,1,0,1,2,0
"68",1,1,1,0,0,0,2,1
"69",1,1,1,1,1,1,4,0
"70",0,0,0,0,0,0,4,2
"71",1,1,1,0,0,0,1,1
"72",1,0,0,0,0,0,5,2
"73",1,1,1,1,1,1,5,0
"74",1,1,1,1,1,1,2,0
"75",0,0,1,0,0,0,5,2
"76",1,1,0,1,1,1,2,0
"77",1,0,0,1,1,1,1,0
"78",0,0,0,1,0,0,4,2
"79",0,0,0,0,0,0,4,2
"80",1,1,1,1,1,1,4,0
"81",0,0,0,0,0,0,5,2
"82",1,1,1,0,0,0,1,1
"83",0,0,0,0,0,0,5,2
"84",0,1,0,0,0,0,5,2
"85",1,1,1,0,0,1,1,1
"86",1,1,1,1,0,0,1,1
"87",0,0,0,0,0,1,1,2
"88",0,1,1,1,0,0,1,1
"89",0,1,1,1,0,1,4,0
"90",0,0,0,0,0,0,3,2
"91",1,1,1,1,1,1,3,0
"92",1,1,1,1,0,1,1,1
"93",1,1,1,1,1,1,3,0
"94",0,0,0,1,0,0,3,2
"95",1,0,1,0,0,0,1,1
"96",0,0,0,0,0,0,3,2
"97",0,0,0,0,0,0,5,2
"98",1,1,1,1,1,1,2,0
"99",1,1,1,1,0,1,2,0
"100",1,1,1,0,0,0,1,1
"101",1,1,0,1,1,1,4,0
"102",1,1,1,0,0,0,1,1
"103",1,1,1,1,1,1,4,0
"104",0,0,0,0,0,0,2,2
"105",1,1,1,0,0,0,1,1
"106",1,0,0,0,0,0,5,2
"107",0,1,1,1,1,1,3,0
"108",0,0,0,0,0,0,4,2
"109",1,1,1,0,1,0,3,2
"110",1,1,1,1,1,1,3,0
"111",1,1,1,0,0,0,1,1
"112",0,0,0,0,0,0,3,2
"113",1,1,1,1,1,1,5,0
"114",1,1,1,0,0,0,3,1
"115",1,1,1,1,0,0,1,1
"116",1,1,1,1,1,1,5,0
"117",1,1,1,1,1,1,2,0
"118",1,1,1,1,0,1,3,0
"119",1,1,1,1,1,1,1,0
"120",1,1,1,1,1,1,2,0
"121",0,0,0,0,0,0,2,2
"122",0,0,0,1,0,0,4,2
"123",0,0,0,0,0,1,5,2
"124",0,0,0,1,1,0,3,0
"125",1,1,1,0,1,0,1,1
"126",0,0,0,0,1,0,4,2
"127",0,0,0,0,0,0,5,2
"128",1,0,0,1,1,1,4,0
"129",0,0,1,0,0,0,5,2
"130",1,1,1,0,0,0,5,1
"131",1,1,1,0,0,0,3,1
"132",0,0,0,0,0,0,5,2
"133",1,1,1,1,0,1,4,0
"134",1,1,1,0,1,1,5,0
"135",0,0,1,0,0,0,3,2
"136",1,1,1,1,1,1,3,0
"137",1,1,1,0,1,1,4,0
"138",0,0,0,0,1,0,2,2
"139",1,1,1,1,1,1,2,0
"140",0,0,0,0,0,0,5,2
"141",1,1,1,0,1,0,1,1
"142",0,0,1,0,0,0,5,2
"143",1,1,1,1,1,1,4,0
"144",1,1,1,1,1,1,4,0
"145",1,1,1,1,1,1,4,0
"146",1,1,1,1,1,0,4,0
"147",0,0,0,0,1,0,4,2
"148",1,1,1,1,1,1,3,0
"149",1,1,1,0,0,0,2,1
"150",0,1,0,1,0,0,4,2
"151",1,1,1,0,0,0,1,1
"152",1,0,1,1,0,0,1,1
"153",1,1,0,0,0,0,1,1
"154",1,1,1,0,0,0,1,1
"155",1,1,1,0,0,0,3,1
"156",1,1,1,0,0,0,1,1
"157",1,0,1,1,1,1,4,0
"158",0,0,0,0,1,0,5,2
"159",1,1,1,0,0,1,1,1
"160",1,1,1,1,1,1,3,0
"161",0,1,1,1,1,1,3,0
"162",1,1,1,0,0,0,1,1
"163",0,0,0,0,0,1,5,2
"164",1,1,1,0,0,0,1,1
"165",0,0,0,0,0,0,3,2
"166",1,1,1,1,1,1,2,0
"167",1,1,1,0,1,0,4,1
"168",1,1,1,1,1,1,3,0
"169",1,1,1,1,1,1,1,0
"170",1,1,1,1,1,1,4,0
"171",1,1,1,1,0,0,1,1
"172",1,1,1,1,0,1,1,0
"173",1,1,1,0,0,0,2,1
"174",1,1,1,1,0,1,4,0
"175",0,0,1,1,1,1,4,0
"176",1,1,1,1,1,1,2,0
"177",0,1,1,0,0,0,3,2
"178",0,1,1,1,0,0,1,1
"179",1,0,0,0,0,0,5,2
"180",1,0,1,0,0,0,1,1
"181",1,1,1,1,1,1,1,0
"182",1,0,1,0,0,0,3,1
"183",1,1,1,1,0,0,1,1
"184",1,1,1,1,0,0,2,1
"185",1,1,1,1,1,1,2,0
"186",1,0,0,0,0,0,4,2
"187",0,1,1,1,1,0,5,0
"188",1,1,1,0,0,0,1,1
"189",1,1,1,0,0,0,1,1
"190",1,1,1,1,1,0,3,0
"191",1,1,1,1,1,1,2,0
"192",1,0,0,0,0,0,5,2
"193",0,0,1,0,0,0,4,2
"194",1,1,1,0,1,0,2,1
"195",0,0,0,0,0,0,4,2
"196",0,0,1,0,0,0,3,2
"197",0,0,0,0,0,0,3,2
"198",1,1,1,0,1,0,1,1
"199",0,0,0,0,0,0,5,2
"200",1,1,1,0,1,0,4,1
"201",0,1,1,0,0,1,2,0
"202",0,0,0,0,0,0,3,2
"203",1,1,1,1,1,1,1,0
"204",1,1,1,0,0,0,1,1
"205",0,1,0,0,0,1,4,2
"206",1,1,1,0,0,0,3,1
"207",0,0,0,0,0,0,5,2
"208",1,0,0,0,0,0,3,2
"209",0,0,0,0,0,0,4,2
"210",0,0,0,0,0,0,4,2
"211",1,1,1,1,1,1,3,0
"212",0,0,0,0,0,0,4,2
"213",1,1,1,1,1,1,3,0
"214",0,1,1,1,0,0,2,1
"215",1,1,0,0,0,1,3,1
"216",1,1,1,0,0,0,3,1
"217",1,1,1,1,1,1,4,0
"218",1,1,1,0,1,1,4,0
"219",0,1,0,0,0,0,1,1
"220",1,0,0,1,1,1,1,0
"221",1,1,1,0,1,1,2,0
"222",1,1,1,1,1,1,1,0
"223",0,0,0,0,0,0,3,2
"224",0,1,0,1,0,0,4,2
"225",1,1,1,0,0,0,1,1
"226",1,1,1,0,1,0,1,1
"227",1,1,0,1,1,1,2,0
"228",1,1,1,0,0,1,2,1
"229",1,1,1,0,0,0,3,1
"230",1,0,1,0,1,1,4,0
"231",1,0,1,1,0,1,2,0
"232",1,1,1,1,1,0,1,0
"233",0,0,0,0,0,0,4,2
"234",0,0,0,0,0,0,4,2
"235",1,1,1,0,0,0,1,1
"236",1,1,0,1,1,1,2,0
"237",1,1,1,1,1,1,1,0
"238",1,0,0,0,0,0,4,2
"239",0,0,0,1,0,0,5,2
"240",0,0,0,0,0,1,5,2
"241",1,1,1,0,0,0,3,1
"242",1,1,1,0,0,0,1,1
"243",1,1,1,1,0,0,1,1
"244",0,0,1,1,1,1,3,0
"245",1,1,1,0,0,0,3,1
"246",0,0,0,0,0,0,3,2
"247",0,0,1,0,0,0,4,2
"248",1,1,1,0,0,0,1,1
"249",1,1,0,1,0,1,4,0
"250",0,1,0,0,0,0,3,2
"251",0,0,1,0,0,0,1,1
"252",1,1,0,1,1,1,4,0
"253",0,0,0,0,0,0,4,2
"254",1,1,1,0,0,0,3,1
"255",1,1,1,0,1,0,1,1
"256",0,0,0,0,0,0,3,2
"257",1,1,1,0,0,0,1,1
"258",0,0,0,0,0,0,5,2
"259",1,1,0,1,1,1,2,0
"260",0,1,1,1,1,1,2,0
"261",0,0,0,0,0,0,2,2
"262",1,1,1,0,0,1,3,0
"263",0,0,0,1,0,0,5,2
"264",1,1,1,0,0,0,1,1
"265",1,1,1,1,0,0,4,1
"266",1,1,1,0,0,0,1,1
"267",0,0,0,0,1,0,4,2
"268",1,1,1,0,0,0,1,1
"269",1,0,1,1,1,1,5,0
"270",0,1,1,1,1,1,4,0
"271",0,0,1,0,0,0,3,2
"272",1,1,1,0,0,0,1,1
"273",1,1,1,0,0,0,1,1
"274",0,0,1,0,0,0,4,2
"275",0,0,0,0,0,0,3,2
"276",0,0,0,0,0,0,3,2
"277",0,0,0,0,1,0,5,2
"278",1,1,1,1,1,1,3,0
"279",0,0,0,0,0,0,3,2
"280",1,1,1,1,1,1,3,0
"281",1,1,1,0,0,0,2,1
"282",0,0,0,0,0,0,5,2
"283",1,1,1,1,0,0,1,1
"284",0,0,0,0,0,1,4,2
"285",1,1,1,1,1,1,1,0
"286",0,0,0,0,0,1,5,2
"287",0,0,0,0,0,0,4,2
"288",0,0,0,0,0,0,5,2
"289",1,1,1,1,0,1,3,0
"290",1,1,1,1,1,0,4,0
"291",1,0,1,1,1,0,3,0
"292",1,1,1,0,1,0,1,1
"293",1,1,0,1,0,0,1,1
"294",1,1,1,1,1,1,4,0
"295",0,0,0,0,0,1,4,2
"296",0,1,0,0,0,0,5,2
"297",1,0,0,0,0,0,5,2
"298",1,1,1,0,0,0,3,1
"299",0,0,0,0,0,0,4,2
"300",1,1,1,1,0,0,1,1
"301",0,0,0,0,0,0,5,2
"302",0,1,0,0,0,1,5,2
"303",1,1,1,0,0,0,1,1
"304",0,0,0,0,0,0,5,2
"305",1,1,1,0,0,0,3,1
"306",0,0,0,0,0,1,4,2
"307",1,1,1,1,1,1,1,0
"308",0,0,0,0,0,0,4,2
"309",1,1,1,1,1,1,5,0
"310",0,0,0,0,0,0,5,2
"311",0,1,0,0,0,0,1,1
"312",0,0,0,0,0,0,3,2
"313",1,1,1,1,1,1,2,0
"314",1,0,1,0,0,0,1,1
"315",1,1,1,0,0,0,2,1
"316",1,1,1,1,1,1,2,0
"317",1,1,1,0,0,0,3,1
"318",0,1,1,0,0,0,2,1
"319",0,1,1,1,0,0,2,1
"320",1,1,1,0,1,1,3,0
"321",1,1,1,1,1,1,2,0
"322",1,1,1,0,0,0,2,1
"323",1,1,1,0,0,0,2,1
"324",1,1,1,1,1,1,1,0
"325",1,1,1,0,0,0,1,1
"326",1,1,1,1,1,1,1,0
"327",0,0,0,0,0,0,3,2
"328",1,1,1,1,1,1,5,0
"329",0,1,1,0,0,0,2,2
"330",1,1,1,1,1,1,2,0
"331",1,1,1,1,1,1,3,0
"332",1,1,1,1,1,1,2,0
"333",1,1,1,0,0,0,1,1
"334",0,0,1,0,0,0,5,2
"335",0,0,0,0,1,0,4,2
"336",1,0,1,1,1,1,2,0
"337",1,1,0,0,0,0,1,1
"338",0,0,0,0,0,0,4,2
"339",0,0,0,0,0,0,5,2
"340",0,1,0,0,0,0,4,2
"341",1,1,1,0,0,0,1,1
"342",1,1,1,0,0,0,4,1
"343",1,1,1,0,0,0,3,1
"344",1,1,1,1,1,1,4,0
"345",1,1,1,0,0,0,2,1
"346",1,1,1,0,1,1,2,0
"347",0,0,0,0,0,0,3,2
"348",0,1,1,1,1,1,1,0
"349",1,1,1,0,0,0,2,1
"350",0,0,0,0,1,0,5,2
"351",1,1,1,0,0,0,2,1
"352",0,1,1,1,1,1,2,0
"353",1,1,0,0,0,0,1,1
"354",0,0,0,0,0,0,4,2
"355",1,1,1,0,0,0,2,1
"356",1,1,1,0,0,0,3,1
"357",0,0,0,0,1,0,4,2
"358",0,0,0,0,1,0,5,2
"359",1,0,1,1,0,0,1,1
"360",0,0,0,0,0,1,5,2
"361",0,0,0,0,0,1,4,2
"362",1,1,1,1,1,1,4,0
"363",1,1,1,1,1,1,4,0
"364",0,0,0,0,0,0,5,2
"365",0,0,0,0,0,0,4,2
"366",0,0,1,0,0,0,5,2
"367",0,0,0,0,0,0,4,2
"368",1,1,1,0,0,0,3,1
"369",1,1,1,0,0,0,4,1
"370",1,1,1,0,1,1,5,0
"371",1,1,1,1,1,1,2,0
"372",1,0,1,0,0,1,4,1
"373",1,0,1,0,1,1,2,0
"374",0,1,1,1,1,1,3,0
"375",1,1,1,1,0,0,1,1
"376",1,1,1,1,0,0,3,1
"377",0,0,0,0,0,0,4,2
"378",0,0,0,0,0,0,2,2
"379",1,1,1,0,0,0,2,1
"380",0,0,0,0,0,0,5,2
"381",1,1,1,0,0,1,2,1
"382",0,1,1,0,0,0,5,2
"383",1,1,1,1,1,1,1,0
"384",1,1,1,0,0,0,4,1
"385",0,1,0,0,0,0,5,2
"386",1,1,1,0,1,0,1,1
"387",1,0,1,0,0,0,2,1
"388",1,0,1,1,0,0,2,1
"389",1,1,1,1,1,1,1,0
"390",1,1,1,1,1,1,2,0
"391",1,1,1,0,0,0,1,1
"392",1,1,1,1,0,1,5,0
"393",1,0,1,1,1,1,5,0
"394",1,1,1,0,1,0,1,1
"395",0,0,0,0,0,0,5,2
"396",0,0,0,0,0,0,5,2
"397",1,0,0,0,0,0,5,2
"398",0,0,0,0,0,0,3,2
"399",1,1,1,1,1,1,4,0
"400",1,1,1,0,0,0,2,1
"401",0,0,0,0,0,0,3,2
"402",0,0,0,0,0,0,5,2
"403",1,1,1,1,1,1,1,0
"404",0,0,0,0,1,0,5,2
"405",0,1,0,0,0,0,4,2
"406",0,0,0,0,0,0,5,2
"407",1,1,1,1,1,1,1,0
"408",1,1,1,1,1,1,4,0
"409",0,0,0,0,0,0,5,2
"410",1,0,0,0,0,0,4,2
"411",1,1,1,0,1,0,2,1
"412",1,1,1,0,0,0,2,1
"413",0,0,0,0,0,0,5,2
"414",1,1,1,1,1,0,4,0
"415",1,1,0,0,0,0,1,1
"416",1,1,1,0,1,1,5,0
"417",1,0,1,0,0,0,2,1
"418",1,1,1,0,0,0,2,1
"419",1,0,0,1,0,0,5,2
"420",1,1,1,1,0,1,4,0
"421",1,0,1,1,1,1,2,0
"422",1,1,0,0,1,1,4,0
"423",0,1,1,0,1,1,2,0
"424",1,1,1,1,1,1,2,0
"425",0,0,0,0,0,0,3,2
"426",1,1,1,0,1,1,2,0
"427",1,1,1,0,0,0,1,1
"428",0,0,0,1,0,0,5,2
"429",0,1,0,0,0,0,5,2
"430",1,0,0,0,0,1,4,2
"431",1,1,1,1,1,1,2,0
"432",1,1,1,0,0,0,1,1
"433",1,1,0,1,1,1,4,0
"434",1,1,1,0,1,1,3,0
"435",0,0,1,0,0,0,4,2
"436",1,0,1,1,1,1,4,0
"437",1,1,1,0,0,1,2,1
"438",1,1,1,1,1,1,3,0
"439",1,1,1,1,1,1,4,0
"440",1,1,1,0,0,0,1,1
"441",1,1,1,1,1,0,1,0
"442",0,1,0,0,0,0,5,2
"443",0,0,1,0,0,0,3,2
"444",1,1,1,0,0,0,3,1
"445",0,0,0,0,0,1,5,2
"446",1,1,1,1,1,1,4,0
"447",1,1,1,1,1,1,3,0
"448",1,1,0,0,0,0,1,1
"449",1,1,1,0,0,0,1,1
"450",0,0,1,0,0,0,2,2
"451",1,1,1,1,1,1,3,0
"452",0,0,1,0,0,0,4,2
"453",1,1,1,1,1,1,5,0
"454",0,0,0,1,0,0,5,2
"455",0,0,1,0,0,0,4,2
"456",1,0,0,0,0,0,2,2
"457",0,0,0,0,0,0,5,2
"458",1,1,1,1,1,1,3,0
"459",1,1,1,1,1,1,2,0
"460",1,1,1,1,1,1,3,0
"461",1,1,1,0,0,0,1,1
"462",1,1,1,1,1,0,2,0
"463",0,0,0,0,1,0,5,2
"464",1,1,1,0,0,0,2,1
"465",1,1,1,0,0,0,2,1
"466",1,1,1,1,1,1,2,0
"467",1,1,1,0,0,0,2,1
"468",1,1,1,0,1,0,3,1
"469",1,1,1,1,1,1,1,0
"470",0,0,0,0,0,1,4,2
"471",1,1,1,0,0,1,2,1
"472",1,1,0,1,1,1,5,0
"473",1,1,1,0,1,0,2,1
"474",0,0,0,0,0,0,5,2
"475",1,0,1,1,1,1,3,0
"476",0,0,0,0,0,0,5,2
"477",0,0,1,0,0,0,4,2
"478",1,1,0,0,0,0,1,1
"479",0,0,0,0,0,0,5,2
"480",0,0,0,0,0,0,5,2
"481",1,1,1,0,0,0,1,1
"482",1,0,0,0,0,0,4,2
"483",1,1,1,1,1,0,2,0
"484",0,0,0,0,0,1,5,2
"485",1,0,1,0,0,0,1,1
"486",1,1,1,1,1,0,3,0
"487",1,1,1,1,1,1,1,0
"488",0,0,0,0,0,1,3,2
"489",1,1,1,1,1,1,4,0
"490",1,1,1,1,1,0,2,0
"491",1,1,1,1,1,1,1,0
"492",0,0,0,1,0,0,5,2
"493",0,0,0,0,0,0,4,2
"494",0,1,1,0,1,0,1,1
"495",1,1,1,0,0,0,5,1
"496",0,1,1,0,0,0,1,1
"497",0,0,1,0,0,0,3,2
"498",1,1,1,0,0,0,1,1
"499",1,0,1,0,0,0,1,1
"500",1,1,1,0,0,0,1,1
"501",0,0,0,0,0,0,4,2
"502",1,1,1,0,0,0,1,1
"503",1,1,1,1,1,1,5,0
"504",1,1,1,1,1,1,3,0
"505",1,1,1,1,1,1,3,0
"506",1,1,1,0,0,0,1,1
"507",0,0,0,0,0,0,4,2
"508",0,0,0,0,0,0,4,2
"509",0,1,0,1,1,1,5,0
"510",0,1,1,0,0,0,1,1
"511",0,0,0,0,0,0,3,2
"512",1,1,1,1,1,1,4,0
"513",1,1,1,0,1,1,1,1
"514",1,1,0,1,0,0,4,2
"515",1,1,1,0,0,1,4,0
"516",0,1,1,0,0,0,3,1
"517",1,0,1,1,0,1,2,0
"518",1,0,0,0,0,0,5,2
"519",0,0,0,0,0,0,5,2
"520",1,1,1,0,0,0,3,1
"521",0,0,0,0,0,0,4,2
"522",1,1,1,0,0,0,1,1
"523",0,0,0,0,0,0,4,2
"524",1,1,1,0,0,0,3,1
"525",1,1,0,0,0,1,5,0
"526",0,0,0,1,0,0,4,2
"527",0,0,0,0,1,0,5,2
"528",1,1,1,0,0,0,1,1
"529",0,0,0,0,0,0,5,2
"530",0,0,0,0,0,0,5,2
"531",1,1,1,1,1,1,2,0
"532",0,0,1,0,0,0,2,2
"533",1,1,1,1,1,1,2,0
"534",1,1,1,1,1,1,5,0
"535",1,1,1,1,1,1,3,0
"536",0,0,0,0,0,0,5,2
"537",1,1,1,0,0,0,3,1
"538",1,1,0,1,0,1,3,0
"539",1,1,1,0,0,0,2,1
"540",0,0,0,0,0,0,4,2
"541",1,1,1,1,1,0,1,0
"542",0,1,0,0,0,1,2,1
"543",1,1,1,0,0,0,2,1
"544",0,0,0,0,0,0,4,2
"545",1,1,1,0,0,0,1,1
"546",0,1,0,0,0,0,5,2
"547",0,1,0,0,0,0,5,2
"548",1,1,1,0,0,0,2,1
"549",1,1,1,0,0,0,1,1
"550",1,1,1,1,1,1,2,0
"551",0,0,0,0,0,0,3,2
"552",1,1,1,0,0,0,2,1
"553",1,1,1,1,1,1,2,0
"554",0,1,1,1,1,0,5,0
"555",0,0,0,0,0,0,5,2
"556",0,0,0,0,0,0,5,2
"557",1,1,0,0,0,0,3,1
"558",0,0,0,0,0,0,5,2
"559",1,1,1,1,0,1,1,0
"560",0,0,0,0,0,0,4,2
"561",1,1,0,1,0,1,1,0
"562",1,1,1,0,0,1,1,1
"563",0,0,0,0,0,0,5,2
"564",0,0,0,0,0,0,4,2
"565",0,0,0,0,0,0,4,2
"566",1,1,1,1,1,1,4,0
"567",1,1,1,0,1,0,3,0
"568",0,0,0,0,0,0,5,2
"569",0,0,0,0,0,0,4,2
"570",0,1,1,1,1,1,3,0
"571",1,1,1,1,0,0,2,1
"572",1,1,1,0,1,0,2,1
"573",1,1,1,1,1,1,3,0
"574",1,1,1,1,1,0,3,0
"575",0,0,0,0,0,0,5,2
"576",0,0,0,0,1,1,5,2
"577",1,1,1,1,1,1,2,0
"578",1,1,1,1,1,1,4,0
"579",1,1,1,1,1,1,2,0
"580",1,1,1,1,1,1,4,0
"581",1,1,1,0,0,1,4,1
"582",0,0,0,0,0,1,5,2
"583",1,1,1,1,0,0,1,1
"584",1,1,1,0,0,1,1,1
"585",1,1,1,1,1,1,3,0
"586",0,0,0,0,0,0,5,2
"587",0,1,0,0,0,1,4,2
"588",1,1,1,0,0,0,1,1
"589",0,0,0,1,0,0,4,2
"590",1,1,1,1,1,1,1,0
"591",1,1,1,0,0,0,1,1
"592",1,1,1,0,0,0,1,1
"593",0,0,0,0,0,0,5,2
"594",1,1,1,1,1,1,2,0
"595",1,1,1,1,1,1,4,0
"596",0,1,0,0,0,0,5,2
"597",0,0,1,0,1,0,5,2
"598",0,0,0,0,1,0,5,2
"599",0,0,0,0,0,0,5,2
"600",0,0,0,0,0,0,5,2
"601",1,1,1,0,1,0,3,1
"602",0,0,1,0,0,0,4,2
"603",0,0,0,0,0,0,5,2
"604",1,0,1,1,1,1,4,0
"605",1,1,1,1,0,1,3,0
"606",1,0,1,0,1,1,3,0
"607",0,0,0,0,1,0,4,2
"608",0,1,1,0,0,0,1,1
"609",1,1,1,1,0,0,2,1
"610",1,1,1,0,0,0,1,1
"611",1,1,1,0,0,0,1,1
"612",1,1,1,0,0,0,1,1
"613",0,0,0,0,0,0,5,2
"614",0,0,0,0,0,0,3,2
"615",1,1,1,0,0,0,1,1
"616",1,1,1,0,0,0,3,1
"617",1,1,1,1,1,1,4,0
"618",1,1,1,0,0,0,2,1
"619",0,1,0,0,0,0,4,2
"620",0,0,0,0,0,0,4,2
"621",0,0,1,1,0,0,5,2
"622",1,1,0,0,1,1,2,0
"623",0,1,0,0,0,0,4,2
"624",1,1,1,1,1,1,4,0
"625",1,1,1,0,0,1,2,1
"626",1,1,1,0,1,1,2,0
"627",0,0,0,0,0,0,4,2
"628",1,0,1,0,0,0,2,1
"629",1,1,1,1,1,1,4,0
"630",0,0,0,0,0,1,4,2
"631",0,0,0,0,0,0,5,2
"632",1,0,1,0,0,0,1,1
"633",0,0,0,0,0,0,4,2
"634",0,0,0,1,0,0,3,2
"635",1,1,0,1,1,0,1,0
"636",1,1,1,0,0,0,1,1
"637",1,1,1,0,0,0,1,1
"638",0,0,0,0,0,0,5,2
"639",0,0,0,0,0,0,4,2
"640",0,0,0,0,0,0,5,2
"641",0,0,0,0,0,0,4,2
"642",1,1,1,1,0,1,5,0
"643",0,0,1,0,0,0,5,2
"644",1,1,0,0,0,0,3,1
"645",1,1,1,1,1,1,5,0
"646",1,1,0,1,1,1,2,0
"647",1,1,1,1,1,1,3,0
"648",0,0,0,0,0,0,5,2
"649",1,1,0,0,0,0,1,1
"650",1,1,1,0,0,1,2,1
"651",0,1,1,1,1,1,2,0
"652",1,1,1,1,1,1,2,0
"653",1,1,1,0,0,1,3,1
"654",1,1,1,1,1,1,5,0
"655",1,0,0,0,0,0,5,2
"656",1,1,1,0,0,0,1,1
"657",1,1,1,1,0,0,1,1
"658",1,1,0,0,0,0,2,1
"659",1,1,1,0,0,0,1,1
"660",1,1,1,1,1,1,3,0
"661",1,1,1,1,1,0,5,0
"662",1,1,1,1,1,1,2,0
"663",1,0,1,1,0,0,1,1
"664",1,1,1,1,1,1,3,0
"665",1,1,1,0,0,0,3,1
"666",0,0,0,0,0,0,1,2
"667",0,0,0,0,0,0,5,2
"668",1,1,0,0,0,0,1,1
"669",1,1,1,1,1,1,2,0
"670",1,1,1,0,0,0,1,1
"671",1,1,1,0,0,0,3,1
"672",1,1,1,1,1,0,1,0
"673",1,1,1,1,1,1,5,0
"674",1,0,1,0,0,0,4,2
"675",0,1,1,0,0,0,1,1
"676",0,0,1,0,0,0,5,2
"677",0,0,0,0,0,0,5,2
"678",0,1,1,0,0,0,3,1
"679",0,0,0,0,0,1,5,2
"680",1,0,0,1,0,0,5,2
"681",0,0,0,0,0,0,5,2
"682",0,0,0,0,0,0,5,2
"683",1,1,1,0,0,0,2,1
"684",1,1,1,1,0,0,2,1
"685",0,1,0,0,0,0,3,2
"686",1,1,1,0,0,0,1,1
"687",0,0,0,0,0,0,5,2
"688",1,1,0,0,0,0,1,1
"689",1,0,1,0,0,0,1,1
"690",1,0,1,0,1,0,3,1
"691",0,0,0,0,0,0,5,2
"692",0,0,0,0,0,0,5,2
"693",1,1,1,1,1,1,4,0
"694",1,1,1,0,1,0,1,1
"695",0,0,1,0,0,1,1,1
"696",1,0,1,0,0,0,2,1
"697",1,0,0,0,0,0,4,2
"698",1,1,1,0,0,0,2,1
"699",1,1,1,0,0,0,2,1
"700",1,1,1,0,0,0,2,1
"701",1,0,1,0,0,0,3,1
"702",1,1,1,1,1,1,3,0
"703",1,1,1,1,0,1,2,0
"704",1,1,1,1,1,1,4,0
"705",1,1,1,0,0,0,1,1
"706",1,0,0,1,1,1,4,0
"707",1,1,1,1,1,1,5,0
"708",1,1,1,1,0,1,3,0
"709",1,1,1,0,0,0,1,1
"710",1,1,1,0,0,0,1,1
"711",0,1,0,0,0,0,5,2
"712",1,1,1,1,1,1,5,0
"713",1,1,1,0,0,0,2,1
"714",0,1,1,1,0,1,3,0
"715",1,1,1,1,1,0,3,0
"716",0,0,0,0,0,0,4,2
"717",1,1,0,1,1,1,2,0
"718",1,1,1,1,1,1,2,0
"719",1,1,0,1,1,1,2,0
"720",1,1,0,1,1,1,2,0
"721",1,1,1,1,1,1,3,0
"722",1,1,1,1,1,1,3,0
"723",1,1,1,0,0,0,2,1
"724",0,0,0,0,0,1,4,2
"725",1,0,0,0,0,0,1,1
"726",0,1,1,0,0,0,1,1
"727",0,0,0,0,0,0,4,2
"728",1,1,1,0,0,0,2,1
"729",1,1,1,1,1,1,3,0
"730",1,1,1,0,0,0,1,1
"731",1,1,1,1,1,0,5,0
"732",0,0,0,0,0,0,5,2
"733",0,0,0,0,0,0,4,2
"734",1,1,0,0,0,0,2,1
"735",1,1,1,1,0,0,1,1
"736",1,1,1,0,0,0,2,1
"737",0,0,0,0,0,0,1,2
"738",1,1,1,0,1,1,4,0
"739",1,1,0,0,1,0,4,0
"740",1,0,1,0,0,1,5,2
"741",1,0,1,0,0,0,2,1
"742",0,0,0,0,0,0,5,2
"743",1,1,1,0,0,0,2,1
"744",0,0,0,0,0,0,5,2
"745",1,1,1,0,0,0,3,1
"746",1,1,1,1,1,1,3,0
"747",0,0,1,0,0,0,3,2
"748",0,0,1,0,0,0,3,2
"749",1,1,1,0,0,0,1,1
"750",1,1,1,1,1,1,3,0
"751",0,0,0,0,0,0,4,2
"752",0,1,1,1,1,1,4,0
"753",1,1,1,0,0,0,1,1
"754",1,1,0,1,1,1,3,0
"755",1,1,1,0,0,0,3,1
"756",1,1,1,0,0,0,3,1
"757",1,1,1,0,1,1,5,0
"758",1,1,1,1,1,1,2,0
"759",0,0,1,0,0,1,5,2
"760",0,1,0,1,1,1,2,0
"761",1,1,1,1,1,1,3,0
"762",1,1,1,1,1,1,3,0
"763",0,0,1,0,0,0,5,2
"764",1,1,1,1,1,1,5,0
"765",1,1,1,1,1,1,2,0
"766",1,1,1,1,1,1,4,0
"767",0,0,0,0,1,0,2,2
"768",0,0,0,0,0,0,5,2
"769",0,1,0,0,0,0,5,2
"770",1,0,1,0,0,0,1,1
"771",0,0,0,0,0,0,5,2
"772",1,1,1,1,1,1,1,0
"773",0,0,0,1,0,0,4,2
"774",1,1,1,0,0,0,2,1
"775",1,1,1,0,0,1,2,1
"776",1,1,1,0,0,0,1,1
"777",1,1,1,0,0,0,2,1
"778",1,1,1,1,1,1,5,0
"779",0,0,0,0,0,0,3,2
"780",0,1,1,1,1,1,1,0
"781",1,1,1,0,0,0,2,1
"782",1,0,1,0,1,1,1,0
"783",1,1,1,1,1,1,1,0
"784",1,1,1,1,1,1,3,0
"785",0,0,1,1,0,0,5,2
"786",1,1,1,0,0,1,1,1
"787",1,1,1,0,0,0,2,1
"788",1,1,1,1,1,1,4,0
"789",1,1,0,1,1,1,1,0
"790",1,1,1,0,0,0,1,1
"791",1,1,0,1,1,1,3,0
"792",0,0,1,0,0,0,5,2
"793",0,0,0,0,0,0,4,2
"794",1,1,1,0,0,0,2,1
"795",0,0,0,0,0,0,4,2
"796",1,1,1,1,0,0,2,1
"797",0,0,0,0,0,0,5,2
"798",1,1,1,1,1,0,2,0
"799",1,1,1,1,1,1,3,0
"800",1,0,0,1,0,0,3,2
"801",1,1,1,1,1,1,3,0
"802",0,0,0,0,0,0,3,2
"803",0,0,0,0,0,0,4,2
"804",0,0,0,1,0,0,5,2
"805",1,1,0,0,0,0,2,1
"806",1,1,1,0,0,0,2,1
"807",1,1,1,1,1,1,3,0
"808",1,1,0,1,0,0,3,1
"809",1,0,0,1,0,0,1,1
"810",0,0,0,0,1,0,5,2
"811",0,0,0,0,0,0,4,2
"812",1,1,1,0,0,0,2,1
"813",1,1,1,0,0,1,1,1
"814",1,1,1,1,1,1,1,0
"815",1,1,0,0,0,0,2,1
"816",0,1,1,1,1,1,4,0
"817",1,0,1,0,0,0,1,1
"818",1,1,1,0,0,0,1,1
"819",1,0,1,1,1,1,5,0
"820",1,1,1,1,1,1,4,0
"821",1,1,1,0,0,0,1,1
"822",0,1,0,1,0,0,4,2
"823",1,1,1,1,1,1,2,0
"824",1,1,1,1,1,1,3,0
"825",1,1,1,0,0,0,1,1
"826",0,0,0,0,0,0,5,2
"827",1,1,1,0,0,0,2,1
"828",0,0,0,0,0,0,4,2
"829",1,1,0,1,1,1,2,0
"830",1,1,1,0,0,0,1,1
"831",0,0,0,0,0,0,4,2
"832",1,1,1,0,1,1,3,0
"833",1,1,1,0,0,0,2,1
"834",1,1,1,1,1,1,1,0
"835",0,0,0,1,0,0,5,2
"836",1,1,0,1,1,1,4,0
"837",1,1,1,0,1,1,2,1
"838",1,0,0,0,0,0,2,2
"839",0,0,1,1,1,1,3,0
"840",1,1,1,1,1,1,3,0
"841",1,1,1,1,1,0,5,0
"842",0,0,0,0,0,1,5,2
"843",1,1,1,1,1,1,1,0
"844",0,1,0,1,1,0,1,0
"845",0,0,0,1,0,0,5,2
"846",0,0,0,0,0,0,5,2
"847",1,1,1,1,1,1,4,0
"848",0,0,0,0,0,0,3,2
"849",1,1,1,1,1,1,1,0
"850",0,0,0,0,0,0,3,2
"851",1,0,1,1,1,1,3,0
"852",0,0,0,0,1,0,5,2
"853",0,0,0,0,0,0,4,2
"854",1,1,1,0,0,0,2,1
"855",0,0,0,0,0,0,4,2
"856",0,1,1,1,1,1,4,0
"857",0,0,0,0,0,0,3,2
"858",1,1,1,0,0,0,4,1
"859",1,1,1,0,0,0,1,1
"860",1,1,1,1,1,1,3,0
"861",0,1,1,0,0,0,1,1
"862",0,1,0,1,1,1,2,0
"863",1,1,1,0,1,0,3,1
"864",1,1,1,0,0,1,2,1
"865",0,0,0,0,0,0,3,2
"866",0,0,0,0,0,1,5,2
"867",1,1,1,0,0,0,4,1
"868",0,0,1,1,0,0,5,2
"869",1,1,1,1,1,1,2,0
"870",1,1,1,1,1,0,4,0
"871",1,1,0,1,1,1,3,0
"872",1,1,1,1,1,0,4,0
"873",0,1,1,0,0,0,1,1
"874",0,0,0,0,1,0,4,2
"875",1,1,1,0,0,0,1,1
"876",1,1,1,1,1,1,4,0
"877",1,1,1,0,0,0,1,1
"878",1,1,1,1,1,1,2,0
"879",0,0,0,0,0,0,5,2
"880",1,1,1,0,0,0,3,1
"881",0,0,0,0,0,0,4,2
"882",0,0,0,0,0,0,5,2
"883",0,0,0,0,0,0,3,2
"884",0,0,0,0,0,0,3,2
"885",1,1,1,0,0,0,1,1
"886",1,0,1,0,0,0,2,1
"887",1,1,1,0,0,0,2,1
"888",1,1,1,1,1,1,5,0
"889",1,1,1,1,0,0,2,1
"890",1,1,1,1,1,1,4,0
"891",1,1,1,0,0,0,2,1
"892",0,0,0,0,0,0,5,2
"893",1,1,0,1,0,1,2,0
"894",1,0,0,1,0,0,4,2
"895",1,1,1,0,0,0,1,1
"896",1,0,0,0,0,0,5,2
"897",1,0,1,0,0,0,1,1
"898",0,1,1,0,0,0,1,1
"899",1,1,1,1,1,1,1,0
"900",0,0,0,0,0,0,3,2
"901",1,1,1,1,1,1,3,0
"902",0,1,1,0,0,0,1,1
"903",0,0,0,0,0,0,5,2
"904",0,0,0,0,0,0,4,2
"905",0,0,0,0,0,0,4,2
"906",1,1,1,0,1,1,2,0
"907",0,0,0,0,0,0,5,2
"908",0,0,0,0,0,0,3,2
"909",1,0,0,0,0,0,1,1
"910",1,1,1,0,0,0,2,1
"911",0,1,0,0,0,0,4,2
"912",1,1,1,1,1,0,3,0
"913",1,1,1,1,1,1,3,0
"914",1,1,1,1,1,1,1,0
"915",0,0,0,0,0,0,4,2
"916",0,0,0,0,0,0,5,2
"917",1,1,1,0,0,0,3,1
"918",1,1,1,0,0,0,1,1
"919",1,0,0,0,1,0,5,2
"920",0,0,0,0,0,0,4,2
"921",0,1,0,0,0,0,3,2
"922",0,0,0,0,0,1,5,2
"923",1,0,0,0,0,0,5,2
"924",0,0,1,0,0,0,5,2
"925",1,0,1,0,0,0,3,1
"926",0,0,0,1,0,0,3,2
"927",1,1,1,1,1,1,2,0
"928",0,1,1,1,1,1,4,0
"929",1,1,0,0,0,0,1,1
"930",0,0,0,0,0,1,5,2
"931",1,0,0,0,0,0,2,1
"932",1,1,1,1,0,0,1,1
"933",1,1,1,1,1,1,2,0
"934",1,0,0,0,0,0,3,2
"935",0,1,0,1,0,0,5,2
"936",1,1,1,0,0,0,1,1
"937",1,1,1,0,0,0,1,1
"938",1,1,1,0,0,0,1,1
"939",1,1,1,0,1,1,1,0
"940",1,1,1,0,0,0,1,1
"941",1,1,1,0,0,0,2,1
"942",1,0,0,0,0,0,5,2
"943",1,1,1,0,1,1,3,1
"944",1,1,1,1,1,1,3,0
"945",1,1,1,0,1,1,3,0
"946",0,1,1,1,1,1,3,0
"947",1,1,1,0,0,0,2,1
"948",1,1,0,1,1,1,4,0
"949",1,0,1,0,0,0,5,1
"950",1,1,1,0,0,0,1,1
"951",1,1,0,1,1,1,4,0
"952",1,0,0,0,0,0,3,2
"953",0,1,0,0,0,0,4,2
"954",0,0,0,1,0,0,5,2
"955",1,1,1,0,0,0,1,1
"956",1,1,1,1,1,1,1,0
"957",0,0,0,0,0,1,5,2
"958",1,0,0,0,0,0,5,2
"959",1,1,1,0,0,0,3,1
"960",0,1,1,1,1,1,1,0
"961",0,0,0,0,0,0,4,2
"962",1,1,1,0,0,0,2,1
"963",1,1,1,0,0,0,2,1
"964",0,0,0,0,0,0,5,2
"965",0,0,0,0,0,0,3,2
"966",1,0,1,0,0,0,2,1
"967",1,1,1,1,0,0,1,0
"968",0,0,0,0,1,0,5,2
"969",1,1,1,1,1,1,4,0
"970",0,1,0,0,0,0,5,2
"971",1,1,1,0,0,0,4,1
"972",1,1,1,1,1,1,5,0
"973",0,0,0,0,0,0,5,2
"974",1,1,1,1,1,1,5,0
"975",0,0,0,0,1,0,4,2
"976",0,0,0,0,0,0,4,2
"977",1,1,1,1,1,0,5,0
"978",0,0,0,0,0,0,2,2
"979",0,1,1,0,0,0,3,1
"980",1,1,1,1,1,1,3,0
"981",1,1,1,1,1,1,3,0
"982",0,0,0,0,1,0,4,2
"983",0,0,0,0,0,0,4,2
"984",1,1,1,0,0,0,2,1
"985",1,1,1,1,0,1,3,0
"986",1,1,1,1,0,1,3,0
"987",0,1,1,0,0,0,5,2
"988",1,1,1,1,1,1,4,0
"989",1,1,1,1,1,1,3,0
"990",1,1,1,1,1,1,2,0
"991",1,0,1,0,0,1,2,1
"992",0,1,0,1,0,0,3,2
"993",0,1,1,0,0,0,4,1
"994",1,1,1,0,0,0,2,1
"995",0,0,0,0,1,0,5,2
"996",1,1,1,0,0,0,2,1
"997",1,1,1,0,0,0,1,1
"998",1,1,1,0,0,0,1,1
"999",0,0,0,0,0,0,4,2
"1000",1,1,1,0,0,0,3,1
"1001",1,1,1,1,1,1,4,0
"1002",0,1,0,0,0,0,4,2
"1003",1,1,1,1,1,1,4,0
"1004",0,0,0,1,0,0,4,2
"1005",0,0,0,0,0,0,5,2
"1006",0,0,0,0,0,1,5,2
"1007",1,1,1,0,0,0,2,1
"1008",1,1,1,0,0,0,1,1
"1009",1,1,1,1,1,1,4,0
"1010",1,1,0,1,0,0,2,1
"1011",1,1,1,0,0,0,1,1
"1012",1,1,1,0,0,1,3,1
"1013",0,0,0,0,0,0,5,2
"1014",0,1,1,1,0,0,1,1
"1015",1,1,1,0,0,0,3,1
"1016",1,1,1,0,0,0,1,1
"1017",1,1,1,1,0,0,5,0
"1018",0,0,0,0,0,0,5,2
"1019",1,1,1,1,1,1,2,0
"1020",0,0,0,0,1,0,4,2
"1021",1,1,1,0,0,0,1,1
"1022",1,1,1,1,1,1,1,0
"1023",1,1,1,0,0,0,3,1
"1024",1,1,1,1,1,1,5,0
"1025",0,1,1,0,0,0,1,1
"1026",0,0,0,0,1,0,5,2
"1027",1,0,1,1,1,1,1,0
"1028",1,1,1,0,0,1,2,1
"1029",1,1,1,1,1,1,4,0
"1030",1,1,1,0,0,0,1,1
"1031",0,0,0,0,0,0,5,2
"1032",1,1,1,1,1,1,2,0
"1033",1,1,1,0,0,0,1,1
"1034",1,1,1,1,0,1,3,0
"1035",1,1,1,1,0,1,4,0
"1036",1,1,1,0,0,0,1,1
"1037",1,1,1,1,1,1,2,0
"1038",1,1,0,1,1,1,3,0
"1039",1,1,1,1,0,1,2,0
"1040",0,1,1,1,1,0,2,0
"1041",0,0,0,0,0,0,3,2
"1042",1,1,1,1,1,0,2,0
"1043",0,0,0,0,0,0,3,2
"1044",1,1,1,0,0,0,1,1
"1045",1,1,1,1,1,1,3,0
"1046",0,0,0,0,0,0,3,2
"1047",1,1,1,1,1,1,4,0
"1048",0,1,0,0,1,0,3,2
"1049",1,1,1,1,1,1,3,0
"1050",1,0,1,0,0,0,1,1
"1051",0,0,1,0,1,0,4,2
"1052",0,0,1,0,0,0,5,2
"1053",1,1,1,0,0,0,1,1
"1054",1,1,1,0,0,0,1,1
"1055",1,0,1,1,1,1,5,0
"1056",1,1,1,1,1,1,3,0
"1057",1,1,1,0,0,0,2,1
"1058",0,0,0,0,0,0,4,2
"1059",1,1,0,0,0,0,2,2
"1060",1,0,0,0,0,0,5,2
"1061",1,1,1,1,0,0,1,1
"1062",1,1,1,0,0,0,1,1
"1063",1,1,1,1,1,1,4,0
"1064",1,1,1,1,1,1,1,0
"1065",1,1,1,0,0,1,1,1
"1066",0,0,0,0,0,0,4,2
"1067",1,1,0,1,1,1,4,0
"1068",0,1,0,0,0,0,5,2
"1069",1,1,1,0,0,0,1,1
"1070",1,1,1,0,0,0,1,1
"1071",0,0,0,0,0,0,5,2
"1072",1,0,1,1,1,1,3,0
"1073",1,1,1,0,1,1,3,0
"1074",1,1,1,1,1,1,3,0
"1075",0,0,0,0,0,0,5,2
"1076",0,1,1,1,1,1,1,0
"1077",0,0,0,0,0,1,5,2
"1078",0,0,0,0,0,0,5,2
"1079",0,0,0,0,0,0,3,2
"1080",1,0,1,0,0,1,2,1
"1081",1,0,0,0,0,0,1,1
"1082",1,1,1,0,0,0,3,1
"1083",1,1,1,0,0,0,2,1
"1084",1,1,1,0,0,0,2,1
"1085",1,0,1,0,1,1,4,0
"1086",1,1,1,0,0,0,1,1
"1087",1,1,1,0,0,0,2,1
"1088",1,1,1,1,1,1,3,0
"1089",1,1,1,1,0,1,4,0
"1090",1,1,1,0,0,0,1,1
"1091",0,0,0,0,1,0,5,2
"1092",0,1,1,1,1,1,3,0
"1093",1,1,1,1,0,1,2,1
"1094",1,1,1,0,0,0,2,1
"1095",1,1,1,0,0,0,3,1
"1096",1,1,1,1,1,1,2,0
"1097",0,0,0,0,0,0,4,2
"1098",1,1,1,0,1,0,1,1
"1099",1,1,1,1,1,1,4,0
"1100",1,1,1,1,1,1,2,0
"1101",1,1,1,1,1,1,5,0
"1102",1,1,1,0,0,0,1,1
"1103",1,1,1,0,1,0,1,1
"1104",0,0,0,0,0,0,3,2
"1105",1,1,1,1,1,1,3,0
"1106",0,0,1,0,0,0,5,2
"1107",1,1,1,0,0,0,1,1
"1108",1,1,1,1,1,0,5,0
"1109",1,1,1,1,1,1,3,0
"1110",1,1,1,1,1,1,3,0
"1111",1,0,1,0,0,0,1,1
"1112",1,1,1,0,0,0,4,1
"1113",1,0,1,0,0,1,2,1
"1114",1,1,1,0,0,0,3,1
"1115",1,1,1,1,1,1,3,0
"1116",0,0,0,0,0,0,4,2
"1117",0,1,0,0,0,0,4,2
"1118",1,0,0,0,0,0,5,2
"1119",0,0,0,0,0,0,5,2
"1120",1,0,1,1,1,1,2,0
"1121",1,1,1,0,0,0,2,1
"1122",1,1,1,0,0,0,1,1
"1123",0,0,0,0,0,0,5,2
"1124",0,0,0,0,0,0,3,2
"1125",1,0,1,1,1,1,5,0
"1126",1,1,1,1,0,1,3,0
"1127",0,1,0,0,1,0,4,2
"1128",0,1,0,0,0,1,5,2
"1129",1,1,1,0,1,1,4,0
"1130",1,0,1,1,1,0,2,0
"1131",1,1,1,1,1,1,2,0
"1132",1,1,1,0,0,0,1,1
"1133",0,0,0,0,0,1,5,2
"1134",0,0,0,0,0,0,4,2
"1135",1,1,1,1,1,1,3,0
"1136",1,1,1,1,1,1,2,0
"1137",0,1,1,1,1,1,2,0
"1138",1,1,1,1,1,0,3,0
"1139",0,1,0,0,0,0,4,2
"1140",0,0,0,0,0,0,4,2
"1141",0,0,0,1,0,0,5,2
"1142",1,1,1,1,1,1,5,0
"1143",1,1,1,0,0,0,1,1
"1144",0,1,1,0,0,0,2,1
"1145",0,1,0,0,0,0,5,2
"1146",0,0,1,0,0,0,4,2
"1147",1,0,1,1,1,1,3,0
"1148",1,1,1,1,1,1,4,0
"1149",1,1,1,1,1,1,2,0
"1150",1,1,1,1,1,1,4,0
"1151",1,1,1,1,0,0,1,1
"1152",1,1,1,0,0,0,2,1
"1153",0,0,0,0,0,0,3,2
"1154",1,1,1,0,0,0,1,1
"1155",0,1,1,1,1,1,2,0
"1156",0,0,0,0,0,1,3,2
"1157",1,1,0,1,0,0,1,1
"1158",1,0,1,0,0,0,1,1
"1159",0,0,0,0,0,0,2,2
"1160",0,0,0,1,0,0,5,2
"1161",1,1,1,0,0,0,1,1
"1162",1,1,1,1,1,1,1,0
"1163",0,1,1,1,1,1,3,0
"1164",1,1,1,1,1,1,4,0
"1165",1,1,1,1,1,1,2,0
"1166",0,1,1,1,1,1,2,0
"1167",0,0,0,0,0,0,5,2
"1168",1,0,0,0,0,0,5,2
"1169",1,1,1,0,0,0,2,1
"1170",1,1,1,1,0,1,5,0
"1171",0,0,0,0,0,0,3,2
"1172",0,1,1,0,0,0,2,1
"1173",0,0,0,0,0,0,5,2
"1174",1,1,1,1,0,0,2,1
"1175",1,1,1,1,0,1,4,0
"1176",1,1,1,0,0,0,1,1
"1177",1,1,1,0,0,0,2,1
"1178",1,1,1,0,0,0,1,1
"1179",0,0,0,0,0,1,5,2
"1180",1,1,1,0,0,0,1,1
"1181",1,1,0,0,0,1,2,1
"1182",1,1,1,0,1,1,4,0
"1183",1,1,1,1,1,1,5,0
"1184",1,1,1,1,1,1,2,0
"1185",0,0,0,0,0,0,5,2
"1186",1,1,1,1,0,1,3,0
"1187",1,1,1,1,1,0,1,0
"1188",0,0,1,0,0,0,3,2
"1189",1,1,1,0,0,0,2,1
"1190",1,1,1,1,0,1,4,0
"1191",0,0,0,0,0,0,5,2
"1192",1,1,1,0,0,0,1,1
"1193",1,1,1,1,1,1,5,0
"1194",1,1,1,1,1,1,2,0
"1195",0,0,0,0,0,0,5,2
"1196",1,1,1,1,0,0,1,1
"1197",1,1,1,0,1,0,2,1
"1198",0,0,0,0,0,0,5,2
"1199",1,1,1,1,1,1,4,0
"1200",1,1,1,1,1,1,2,0
"1201",0,0,1,0,0,0,2,1
"1202",0,1,1,1,1,1,4,0
"1203",1,1,1,1,1,1,3,0
"1204",1,1,1,0,0,0,1,1
"1205",0,0,0,0,0,0,3,2
"1206",0,0,1,0,0,0,5,2
"1207",0,0,0,0,0,0,4,2
"1208",1,1,1,1,1,1,3,0
"1209",0,0,0,0,0,0,2,2
"1210",1,1,1,1,1,1,5,0
"1211",0,0,0,0,0,0,5,2
"1212",0,1,0,0,0,0,3,2
"1213",1,1,1,0,0,0,3,1
"1214",0,0,0,0,0,0,4,2
"1215",0,0,1,1,0,0,1,1
"1216",1,1,0,1,1,1,3,0
"1217",1,1,1,0,1,1,3,0
"1218",0,1,1,0,1,0,2,1
"1219",1,1,1,1,1,1,5,0
"1220",1,1,1,0,0,0,1,1
"1221",0,0,0,1,0,0,2,2
"1222",1,0,1,0,1,1,4,0
"1223",0,0,0,0,0,0,4,2
"1224",0,0,0,0,0,0,3,2
"1225",0,0,0,0,0,0,3,2
"1226",0,0,0,0,0,0,4,2
"1227",1,1,1,0,0,0,3,1
"1228",1,1,1,0,0,0,1,1
"1229",1,0,0,0,0,0,3,2
"1230",1,1,0,1,0,1,5,0
"1231",1,1,1,1,1,1,3,0
"1232",1,1,1,0,0,0,2,1
"1233",1,0,1,0,0,0,1,1
"1234",1,1,1,0,0,0,2,1
"1235",0,1,1,0,0,0,2,1
"1236",1,1,1,1,1,1,5,0
"1237",0,1,1,0,0,0,1,1
"1238",1,1,1,0,0,0,1,1
"1239",1,1,1,1,0,1,1,1
"1240",1,1,1,0,1,1,1,0
"1241",1,1,1,1,1,1,1,0
"1242",0,0,0,0,0,0,5,2
"1243",0,0,0,0,0,0,3,2
"1244",0,1,1,1,1,1,2,0
"1245",1,1,0,0,1,0,1,1
"1246",1,1,1,1,1,0,3,0
"1247",0,1,1,1,1,1,3,0
"1248",1,0,1,0,0,0,2,1
"1249",0,1,0,0,0,0,5,2
"1250",1,1,1,1,0,1,4,0
"1251",1,1,1,0,0,0,4,1
"1252",1,0,1,1,1,1,3,0
"1253",0,1,1,1,0,1,2,1
"1254",0,0,1,0,1,0,4,2
"1255",1,1,1,1,1,1,3,0
"1256",0,0,0,1,0,0,5,2
"1257",0,1,1,0,0,0,4,1
"1258",0,0,0,0,0,1,3,2
"1259",1,1,0,0,0,0,3,2
"1260",1,1,0,1,1,1,1,0
"1261",0,0,0,0,0,0,5,2
"1262",1,0,1,0,0,0,1,1
"1263",1,1,1,1,0,0,2,1
"1264",0,1,1,0,0,0,1,1
"1265",1,1,0,0,0,1,1,1
"1266",0,0,0,0,0,0,4,2
"1267",1,1,1,1,0,1,3,1
"1268",0,0,0,0,0,0,5,2
"1269",1,1,1,0,0,0,1,1
"1270",0,0,0,1,0,1,5,2
"1271",1,1,1,0,0,0,1,1
"1272",1,0,1,1,1,1,2,0
"1273",1,1,0,0,0,0,1,1
"1274",1,1,1,1,1,1,4,0
"1275",1,0,1,1,1,1,3,0
"1276",1,1,1,0,1,0,2,1
"1277",1,1,1,1,1,1,1,0
"1278",0,0,0,1,0,0,5,2
"1279",1,0,1,0,1,1,2,0
"1280",1,1,1,1,1,1,2,0
"1281",1,1,1,1,1,1,1,0
"1282",1,1,1,1,1,1,2,0
"1283",0,1,0,0,0,0,5,2
"1284",1,1,1,0,1,0,2,0
"1285",0,0,0,0,0,0,5,2
"1286",1,1,1,0,0,1,1,1
"1287",1,1,1,1,1,1,3,0
"1288",1,1,1,0,0,0,2,1
"1289",1,1,0,0,0,1,3,1
"1290",0,0,0,0,0,0,5,2
"1291",1,1,1,1,1,1,2,0
"1292",1,0,1,0,1,1,4,0
"1293",0,0,0,0,0,0,3,2
"1294",0,0,1,0,1,0,2,2
"1295",0,0,0,0,0,0,3,2
"1296",1,1,1,0,0,0,2,1
"1297",1,1,1,0,0,1,1,1
"1298",1,1,0,1,1,1,3,0
"1299",0,0,0,0,0,0,4,2
"1300",1,1,1,1,1,1,4,0
"1301",0,0,0,0,0,0,5,2
"1302",1,1,1,1,1,1,2,0
"1303",1,1,1,1,1,1,3,0
"1304",0,0,1,0,0,0,5,2
"1305",1,1,1,1,1,1,3,0
"1306",1,1,1,1,1,1,2,0
"1307",1,1,1,1,1,1,4,0
"1308",1,0,1,0,0,0,1,1
"1309",0,0,0,0,0,0,4,2
"1310",0,0,1,0,0,0,5,2
"1311",1,1,1,0,0,0,1,1
"1312",0,0,0,0,0,0,5,2
"1313",1,1,1,1,1,1,2,0
"1314",1,1,1,0,1,0,1,1
"1315",0,0,0,0,0,0,5,2
"1316",0,1,1,0,0,0,2,1
"1317",1,0,1,0,1,1,4,0
"1318",1,1,1,0,0,1,2,1
"1319",1,1,1,0,0,0,3,1
"1320",1,1,1,1,1,1,2,0
"1321",1,1,1,0,0,0,2,1
"1322",1,1,0,1,0,1,3,0
"1323",1,1,1,1,1,1,5,0
"1324",0,0,0,0,0,0,5,2
"1325",0,1,1,1,1,1,2,0
"1326",1,1,1,1,1,1,3,0
"1327",1,1,1,0,0,0,3,1
"1328",1,1,1,1,1,1,4,0
"1329",0,0,0,0,0,0,5,2
"1330",1,1,0,0,0,0,1,1
"1331",0,0,0,0,0,0,5,2
"1332",0,0,0,0,0,0,5,2
"1333",1,1,1,1,1,1,4,0
"1334",1,1,1,1,1,1,1,0
"1335",0,0,0,0,0,0,4,2
"1336",1,1,1,0,0,0,1,1
"1337",1,1,1,1,1,1,2,0
"1338",1,1,1,0,0,0,1,1
"1339",0,1,0,0,0,0,4,2
"1340",0,0,0,0,0,0,5,2
"1341",1,1,1,0,0,0,1,1
"1342",1,1,1,0,0,0,1,1
"1343",1,1,1,1,1,1,3,0
"1344",0,0,0,0,0,1,5,2
"1345",0,1,1,0,0,0,2,1
"1346",1,1,1,1,1,1,4,0
"1347",0,1,1,1,1,1,2,0
"1348",0,0,0,0,1,0,5,2
"1349",1,1,1,0,0,0,1,1
"1350",1,1,1,0,0,0,1,1
"1351",0,1,0,0,0,0,5,2
"1352",1,1,1,0,0,0,1,1
"1353",1,1,1,0,0,0,1,1
"1354",1,1,1,0,0,0,1,1
"1355",1,0,1,1,1,1,4,0
"1356",1,0,0,0,0,0,4,2
"1357",1,1,1,0,0,0,3,1
"1358",1,1,1,1,1,1,2,0
"1359",0,0,0,0,0,0,5,2
"1360",0,1,0,0,0,1,5,2
"1361",0,0,0,0,0,0,5,2
"1362",1,1,1,1,1,0,3,0
"1363",1,1,1,1,1,1,4,0
"1364",1,1,1,0,0,0,3,1
"1365",0,0,0,0,0,0,5,2
"1366",1,1,1,0,0,1,2,1
"1367",1,1,1,0,0,0,1,1
"1368",1,1,1,1,1,1,4,0
"1369",1,0,0,0,0,0,4,2
"1370",1,1,1,0,0,0,3,1
"1371",1,1,1,0,0,1,4,0
"1372",0,0,0,0,0,1,5,2
"1373",0,0,1,0,0,0,5,2
"1374",1,1,1,0,0,0,3,1
"1375",0,0,0,0,0,0,5,2
"1376",1,0,1,0,0,0,2,1
"1377",0,0,0,0,0,0,3,2
"1378",1,1,1,0,0,0,2,1
"1379",1,1,1,0,0,1,1,1
"1380",1,1,0,0,0,0,2,1
"1381",0,1,1,0,0,1,1,1
"1382",1,0,1,0,0,0,1,1
"1383",0,1,0,1,1,1,2,0
"1384",1,1,1,1,1,1,3,0
"1385",0,0,0,0,0,0,5,2
"1386",0,0,0,0,0,0,5,2
"1387",1,0,1,1,0,0,1,1
"1388",1,1,1,1,1,0,1,1
"1389",1,1,0,0,0,0,3,1
"1390",0,0,0,1,0,0,4,2
"1391",0,0,0,0,0,0,2,2
"1392",1,1,1,0,0,0,1,1
"1393",0,0,1,0,0,0,5,2
"1394",1,1,1,1,1,1,3,0
"1395",1,1,1,0,0,0,2,1
"1396",1,1,1,0,0,1,3,1
"1397",1,1,1,0,0,0,2,1
"1398",0,1,1,1,1,1,2,0
"1399",0,1,1,0,0,0,1,1
"1400",1,1,1,1,1,0,3,0
"1401",1,1,1,0,0,0,3,1
"1402",0,0,0,0,0,0,5,2
"1403",0,0,0,0,0,1,5,2
"1404",1,1,1,0,0,0,1,1
"1405",1,1,1,0,0,0,1,1
"1406",0,0,0,0,0,0,4,2
"1407",0,0,0,1,0,1,5,2
"1408",0,0,0,0,0,0,2,2
"1409",1,1,1,1,1,1,3,0
"1410",1,1,1,0,0,0,1,1
"1411",1,0,1,0,0,0,3,1
"1412",0,0,0,0,0,1,3,2
"1413",1,1,1,1,1,1,4,0
"1414",0,0,1,0,0,1,5,2
"1415",0,0,1,0,0,0,1,1
"1416",1,1,1,1,0,1,3,0
"1417",1,1,0,1,0,0,1,0
"1418",1,1,0,1,0,0,2,1
"1419",1,0,1,1,1,1,4,0
"1420",1,1,0,1,1,0,2,0
"1421",0,1,1,0,0,0,1,1
"1422",0,1,1,1,0,0,1,1
"1423",0,0,0,0,0,0,5,2
"1424",0,0,0,0,0,0,3,2
"1425",0,0,1,0,1,1,3,0
"1426",1,1,1,1,0,0,2,1
"1427",0,0,0,1,0,0,4,2
"1428",0,0,1,0,0,0,3,2
"1429",0,0,0,0,0,0,5,2
"1430",1,1,1,1,1,1,2,0
"1431",0,1,1,0,0,0,2,1
"1432",1,1,1,1,1,1,5,0
"1433",0,0,0,0,0,0,4,2
"1434",0,0,0,0,0,0,5,2
"1435",0,1,1,1,1,1,4,0
"1436",0,1,0,0,0,0,5,2
"1437",0,0,0,0,0,0,5,2
"1438",0,1,1,0,0,1,1,1
"1439",1,1,1,0,0,0,2,1
"1440",0,0,0,0,1,0,5,2
"1441",1,1,1,1,1,1,5,0
"1442",1,0,0,0,1,0,3,2
"1443",1,1,1,0,0,1,2,0
"1444",1,1,1,1,0,0,3,0
"1445",1,1,1,0,0,0,2,1
"1446",1,1,1,1,1,1,3,0
"1447",1,1,1,0,1,1,5,0
"1448",0,0,0,0,0,0,5,2
"1449",1,1,1,0,0,0,1,1
"1450",1,1,0,0,0,0,3,1
"1451",0,0,0,1,0,0,4,2
"1452",1,1,1,0,0,0,1,1
"1453",1,1,1,1,1,1,3,0
"1454",0,1,1,1,1,1,3,0
"1455",1,1,1,1,0,0,1,1
"1456",1,1,1,0,1,1,5,0
"1457",1,1,1,1,1,1,3,0
"1458",0,0,1,0,0,1,5,2
"1459",1,1,1,0,0,1,1,1
"1460",0,1,0,0,0,0,5,2
"1461",1,1,1,1,1,0,2,0
"1462",1,0,0,0,0,0,4,2
"1463",1,1,1,1,1,1,3,0
"1464",0,0,0,0,0,0,4,2
"1465",1,1,1,1,1,1,5,0
"1466",1,1,1,1,1,1,3,0
"1467",0,0,1,0,0,0,5,2
"1468",1,1,1,0,0,0,2,1
"1469",1,1,1,0,0,0,1,1
"1470",1,1,0,1,1,1,3,0
"1471",1,1,0,1,0,0,2,1
"1472",1,1,1,0,1,1,2,0
"1473",1,1,1,1,1,1,3,0
"1474",0,1,0,0,0,0,5,2
"1475",1,1,1,0,1,0,2,0
"1476",1,1,1,1,1,1,4,0
"1477",1,1,1,0,0,0,2,1
"1478",0,0,0,1,0,0,5,2
"1479",0,0,0,0,0,0,5,2
"1480",1,1,1,1,0,1,4,0
"1481",1,1,1,1,1,1,2,0
"1482",0,0,0,0,0,0,5,2
"1483",1,1,1,0,1,1,3,0
"1484",1,1,0,1,1,1,1,0
"1485",1,1,1,0,0,0,1,1
"1486",1,1,1,0,0,0,1,1
"1487",1,1,1,0,0,0,2,1
"1488",1,1,1,1,1,0,4,0
"1489",1,1,1,1,0,1,5,0
"1490",1,1,0,0,0,0,3,2
"1491",1,1,1,1,1,1,3,0
"1492",1,1,1,0,0,1,2,1
"1493",1,1,1,0,0,0,1,1
"1494",1,1,0,0,0,0,2,1
"1495",1,1,1,0,1,1,4,0
"1496",1,1,1,0,1,1,4,0
"1497",0,0,1,0,0,0,5,2
"1498",0,0,0,1,0,0,5,2
"1499",0,0,0,0,0,0,4,2
"1500",1,1,1,1,1,1,4,0
"1501",1,1,1,1,1,1,4,0
"1502",0,0,0,0,0,0,2,2
"1503",0,0,0,0,0,0,4,2
"1504",0,0,0,0,0,0,3,2
"1505",1,1,1,1,1,1,1,0
"1506",0,0,0,0,0,0,4,2
"1507",1,1,1,0,0,0,1,1
"1508",1,1,1,0,0,0,2,1
"1509",1,1,1,0,0,0,1,1
"1510",0,1,1,1,1,1,2,0
"1511",1,1,1,0,0,1,3,1
"1512",1,1,1,1,1,1,2,0
"1513",0,1,1,1,0,0,2,1
"1514",1,1,0,0,0,0,5,2
"1515",1,0,1,0,1,0,4,1
"1516",0,0,0,0,0,0,4,2
"1517",1,1,1,1,1,1,3,0
"1518",1,1,1,0,0,1,3,1
"1519",0,0,0,0,0,0,4,2
"1520",1,1,0,1,1,1,5,0
"1521",1,1,1,1,1,1,4,0
"1522",1,0,0,0,0,0,5,2
"1523",1,0,1,1,1,0,3,0
"1524",1,1,1,0,0,0,1,1
"1525",0,0,0,0,0,0,3,2
"1526",1,1,1,1,1,1,3,0
"1527",1,1,1,1,1,1,2,0
"1528",1,1,1,1,0,0,2,1
"1529",1,1,0,0,0,0,2,1
"1530",1,0,1,1,1,0,2,0
"1531",0,0,0,0,0,1,5,2
"1532",0,0,0,0,0,0,4,2
"1533",1,0,1,0,0,0,1,1
"1534",1,1,1,1,1,1,3,0
"1535",0,1,0,1,0,0,5,2
"1536",1,0,1,1,1,1,1,0
"1537",1,1,1,1,0,1,5,0
"1538",0,0,0,0,0,0,5,2
"1539",1,1,1,0,0,0,3,1
"1540",1,0,1,1,1,1,4,0
"1541",1,1,1,1,1,1,2,0
"1542",1,0,1,1,1,1,4,0
"1543",0,1,1,1,1,1,3,0
"1544",0,1,1,1,1,1,3,0
"1545",1,1,1,1,1,1,3,0
"1546",1,1,1,0,0,0,1,1
"1547",0,0,0,0,0,0,4,2
"1548",1,0,0,0,1,0,4,2
"1549",0,0,0,0,0,0,5,2
"1550",1,1,1,1,1,1,5,0
"1551",0,0,0,1,0,0,5,2
"1552",1,1,1,0,0,0,3,2
"1553",0,0,0,1,0,0,4,2
"1554",0,0,0,0,0,0,3,2
"1555",0,1,1,1,0,0,1,1
"1556",0,0,0,0,0,0,5,2
"1557",1,1,1,1,1,1,3,0
"1558",1,1,0,0,0,0,3,1
"1559",1,1,1,0,0,0,1,1
"1560",1,1,1,0,1,0,2,1
"1561",0,0,0,0,1,0,4,2
"1562",1,1,0,1,1,1,2,0
"1563",0,0,0,0,0,0,5,2
"1564",0,0,0,0,0,0,3,2
"1565",1,1,1,0,0,1,1,1
"1566",1,1,1,0,0,0,1,1
"1567",0,1,1,1,1,1,4,0
"1568",1,1,1,0,1,1,2,0
"1569",0,0,0,0,0,0,4,2
"1570",1,1,1,0,0,1,3,1
"1571",1,0,0,0,0,0,4,2
"1572",1,1,1,1,1,0,1,1
"1573",1,1,1,0,0,1,1,1
"1574",0,0,0,0,0,0,5,2
"1575",1,0,0,0,0,0,5,2
"1576",1,1,1,1,1,1,3,0
"1577",1,1,1,0,0,0,2,1
"1578",0,0,0,0,0,0,4,2
"1579",0,0,0,0,0,0,3,2
"1580",1,1,1,1,1,1,5,0
"1581",0,0,1,0,0,0,4,2
"1582",0,0,1,0,0,0,5,2
"1583",1,1,1,0,0,0,4,1
"1584",0,1,1,1,1,1,2,0
"1585",1,1,1,1,0,1,3,0
"1586",0,0,0,0,0,0,4,2
"1587",1,1,1,1,1,1,1,0
"1588",1,0,1,0,0,0,1,1
"1589",0,0,0,0,0,0,4,2
"1590",1,1,1,1,1,1,4,0
"1591",1,0,0,1,0,0,4,2
"1592",1,1,1,0,0,0,1,1
"1593",1,1,1,0,1,0,1,1
"1594",1,1,1,1,1,1,4,0
"1595",1,1,1,1,1,0,5,0
"1596",0,1,1,1,0,1,5,0
"1597",1,1,1,1,1,1,2,0
"1598",1,1,1,1,1,1,3,0
"1599",0,0,0,0,0,0,5,2
"1600",1,0,1,0,0,0,1,1
"1601",0,1,0,0,0,0,5,2
"1602",1,1,1,0,0,0,2,1
"1603",1,1,1,1,1,1,2,0
"1604",1,1,1,1,1,1,3,0
"1605",0,0,1,0,0,0,5,2
"1606",0,1,1,0,0,0,1,1
"1607",1,1,1,0,0,0,1,1
"1608",0,0,0,0,0,0,4,2
"1609",0,1,1,0,0,0,1,1
"1610",1,1,1,1,1,1,3,0
"1611",0,0,0,0,0,0,3,2
"1612",1,1,1,0,0,0,1,1
"1613",1,1,1,0,0,0,1,1
"1614",0,0,0,0,0,0,4,2
"1615",1,1,1,0,1,0,1,1
"1616",1,1,1,1,1,1,4,0
"1617",1,1,1,0,1,1,4,0
"1618",0,1,1,0,0,0,1,1
"1619",1,0,0,0,0,1,2,2
"1620",1,1,1,0,0,0,2,1
"1621",1,1,1,1,1,1,4,0
"1622",1,1,1,0,0,0,1,1
"1623",1,1,1,0,0,0,2,1
"1624",1,1,1,0,0,0,1,1
"1625",1,1,1,1,1,1,1,0
"1626",1,1,1,0,0,0,1,1
"1627",0,0,0,0,0,0,5,2
"1628",1,1,1,0,0,0,1,1
"1629",1,0,0,0,0,0,5,2
"1630",0,0,0,0,0,0,4,2
"1631",0,0,0,0,0,0,2,1
"1632",1,0,1,0,0,0,2,1
"1633",1,1,1,1,1,1,2,0
"1634",1,1,1,0,0,0,2,1
"1635",1,1,1,1,1,1,2,0
"1636",1,1,1,0,0,0,2,1
"1637",1,1,1,1,1,1,2,0
"1638",1,1,1,1,1,1,4,0
"1639",1,1,1,1,1,1,1,0
"1640",1,1,1,1,1,1,3,0
"1641",0,0,0,0,0,0,5,2
"1642",1,1,1,1,0,0,3,1
"1643",1,1,1,0,0,0,3,1
"1644",0,1,1,1,1,1,1,0
"1645",0,1,1,1,1,1,1,0
"1646",1,0,1,1,1,1,1,0
"1647",1,1,1,1,1,1,2,0
"1648",0,0,0,0,0,0,4,2
"1649",1,1,1,1,1,1,2,0
"1650",1,1,1,1,1,1,4,0
"1651",1,1,1,1,1,1,4,0
"1652",1,1,1,1,1,1,3,0
"1653",1,1,1,1,0,0,3,1
"1654",0,0,0,0,0,0,4,2
"1655",0,1,1,1,1,1,4,0
"1656",1,1,1,1,1,1,2,0
"1657",1,1,1,1,0,1,2,1
"1658",1,1,1,1,0,1,3,0
"1659",1,1,1,0,0,0,1,1
"1660",0,0,0,0,0,0,4,2
"1661",1,1,1,0,0,1,2,1
"1662",1,1,1,1,0,0,3,1
"1663",1,1,1,0,0,0,2,1
"1664",1,1,1,0,0,0,4,1
"1665",1,0,0,0,0,0,4,2
"1666",0,0,0,0,0,0,5,2
"1667",1,1,1,0,0,0,1,1
"1668",1,1,1,1,1,1,5,0
"1669",1,1,1,0,0,0,3,1
"1670",1,1,0,0,0,0,2,1
"1671",0,0,0,1,0,0,3,2
"1672",0,0,0,0,0,0,4,2
"1673",0,0,0,1,0,0,5,2
"1674",1,1,1,1,0,1,5,0
"1675",0,0,0,0,0,0,5,2
"1676",1,1,1,1,1,1,3,0
"1677",1,1,1,1,1,1,4,0
"1678",1,1,1,1,1,1,2,0
"1679",1,0,1,0,0,0,2,1
"1680",1,1,1,1,1,1,3,0
"1681",0,0,1,1,0,0,5,2
"1682",1,1,1,0,1,0,1,1
"1683",1,1,1,1,0,0,3,0
"1684",1,1,1,0,0,0,3,1
"1685",0,1,1,0,1,0,4,1
"1686",1,1,1,1,1,1,2,0
"1687",0,0,0,0,0,0,3,2
"1688",0,1,1,1,1,0,3,0
"1689",1,1,0,0,0,1,5,2
"1690",0,0,0,0,0,0,5,2
"1691",1,1,0,0,0,0,1,1
"1692",0,0,0,0,0,0,4,2
"1693",1,1,1,0,0,0,1,1
"1694",1,1,1,1,1,1,5,0
"1695",1,1,1,0,0,0,2,1
"1696",0,1,0,0,0,0,5,2
"1697",0,1,0,0,0,0,4,2
"1698",0,0,0,0,0,0,5,2
"1699",0,0,0,0,0,0,4,2
"1700",0,0,0,0,0,1,4,2
"1701",1,1,1,1,1,1,4,0
"1702",0,0,0,0,0,0,4,2
"1703",0,0,1,0,0,0,4,1
"1704",1,1,1,1,1,1,2,0
"1705",1,1,1,0,0,0,1,1
"1706",0,0,0,0,0,0,3,2
"1707",1,0,1,0,1,0,1,1
"1708",1,1,1,1,1,0,4,0
"1709",1,1,1,0,0,1,2,1
"1710",0,0,0,0,0,0,5,2
"1711",1,1,0,0,0,0,2,1
"1712",1,1,1,1,1,1,4,0
"1713",0,0,1,1,1,0,2,0
"1714",1,0,1,0,0,1,2,1
"1715",1,1,1,1,0,0,4,1
"1716",1,1,1,0,0,0,2,1
"1717",0,0,0,0,0,0,3,2
"1718",0,1,1,1,1,1,3,0
"1719",1,1,1,0,0,0,2,1
"1720",1,1,1,1,0,1,5,0
"1721",1,1,1,1,1,1,4,0
"1722",0,0,0,0,0,0,3,2
"1723",0,0,0,0,1,0,5,2
"1724",0,0,1,0,0,0,2,2
"1725",0,0,0,0,0,0,5,2
"1726",1,1,1,0,0,0,1,1
"1727",1,1,1,1,1,1,3,0
"1728",1,1,1,1,1,1,2,0
"1729",1,1,0,1,1,1,4,0
"1730",1,1,1,0,1,1,2,0
"1731",1,1,1,1,1,1,4,0
"1732",1,1,1,0,0,0,2,1
"1733",0,0,0,0,0,0,5,2
"1734",0,0,0,0,0,0,5,2
"1735",1,1,0,0,0,0,5,2
"1736",1,1,1,1,1,1,1,0
"1737",1,1,1,1,0,1,4,0
"1738",0,0,0,0,0,0,5,2
"1739",1,1,1,0,0,0,1,1
"1740",1,1,0,1,1,1,4,0
"1741",1,1,1,0,0,0,2,1
"1742",1,1,1,0,0,0,1,1
"1743",1,1,1,0,0,0,3,1
"1744",1,1,0,1,1,0,1,0
"1745",1,1,1,0,0,0,1,1
"1746",0,0,0,0,1,0,4,2
"1747",1,1,1,0,0,0,2,1
"1748",0,0,0,0,0,0,3,2
"1749",0,0,0,0,0,0,5,2
"1750",0,0,0,0,0,0,5,2
"1751",1,1,1,1,1,1,1,0
"1752",1,0,0,0,1,0,4,2
"1753",0,0,0,0,0,0,4,2
"1754",0,1,0,0,0,1,5,2
"1755",1,1,1,1,0,1,3,0
"1756",0,1,1,1,1,1,2,0
"1757",0,0,0,0,1,0,3,2
"1758",1,1,1,0,0,0,2,1
"1759",0,0,0,0,0,0,5,2
"1760",1,1,1,0,0,0,2,1
"1761",0,0,0,0,0,0,4,2
"1762",1,1,1,0,0,0,1,1
"1763",1,1,1,0,0,0,1,1
"1764",0,0,0,0,0,0,5,2
"1765",0,0,0,0,0,0,4,2
"1766",1,1,1,1,1,1,3,0
"1767",1,0,0,0,0,0,4,2
"1768",1,1,1,0,0,0,1,1
"1769",1,1,1,0,0,0,1,1
"1770",1,1,1,1,1,1,4,0
"1771",1,1,1,1,1,1,4,0
"1772",1,1,1,0,0,0,1,1
"1773",1,1,1,1,1,1,3,0
"1774",0,0,0,0,0,0,5,2
"1775",0,0,1,0,0,0,5,2
"1776",0,0,0,0,0,0,4,2
"1777",1,1,1,1,1,1,5,0
"1778",1,1,1,1,1,1,1,0
"1779",1,1,1,0,0,0,1,1
"1780",1,1,1,0,1,1,4,0
"1781",0,1,0,1,0,0,4,2
"1782",0,0,0,0,0,1,4,2
"1783",0,0,0,0,0,0,3,2
"1784",0,0,0,0,0,0,5,2
"1785",0,0,0,0,0,0,4,2
"1786",1,1,1,1,1,1,2,0
"1787",0,0,0,0,0,0,2,2
"1788",1,1,1,0,0,0,1,1
"1789",0,0,0,0,0,0,5,2
"1790",1,1,1,1,1,1,4,0
"1791",1,1,0,1,1,1,2,0
"1792",0,0,0,0,1,0,5,2
"1793",1,1,1,0,0,0,1,1
"1794",1,1,1,0,0,0,3,1
"1795",0,0,0,0,1,0,5,2
"1796",0,0,0,0,0,0,5,2
"1797",0,0,0,0,0,0,3,2
"1798",0,1,0,0,0,0,5,2
"1799",1,1,1,0,0,0,1,1
"1800",1,1,1,1,1,1,1,0
"1801",1,1,1,1,1,1,3,0
"1802",0,0,0,0,0,0,4,2
"1803",1,1,0,0,1,1,2,0
"1804",1,1,1,0,0,0,4,1
"1805",1,1,1,1,1,1,5,0
"1806",1,1,1,1,1,1,2,0
"1807",1,1,1,1,1,1,3,0
"1808",0,0,0,0,0,0,3,2
"1809",1,1,1,1,1,1,2,0
"1810",1,1,1,0,0,1,1,1
"1811",0,1,1,1,1,0,2,0
"1812",0,0,0,0,1,0,5,2
"1813",1,0,1,1,0,0,1,1
"1814",0,0,0,0,1,0,3,2
"1815",1,1,0,0,0,0,2,1
"1816",1,1,1,1,1,1,4,0
"1817",0,1,0,0,0,0,4,2
"1818",1,1,0,1,0,0,5,2
"1819",0,0,0,0,0,0,4,2
"1820",1,1,1,0,0,0,2,1
"1821",1,0,1,1,1,1,2,0
"1822",0,0,0,0,0,0,4,2
"1823",1,1,1,1,1,0,2,0
"1824",1,1,1,1,1,1,5,0
"1825",0,0,0,0,0,0,1,2
"1826",0,0,1,0,0,0,5,2
"1827",1,0,0,0,0,0,5,2
"1828",1,1,1,0,0,0,2,1
"1829",0,1,1,1,0,0,1,1
"1830",0,0,0,0,0,0,2,2
"1831",1,1,1,1,1,1,3,0
"1832",1,1,1,1,1,1,2,0
"1833",1,1,1,0,0,0,2,1
"1834",1,1,1,1,1,1,2,0
"1835",1,1,0,1,1,1,1,0
"1836",1,1,1,1,1,1,2,0
"1837",0,1,1,0,1,0,1,1
"1838",0,0,0,0,0,1,4,2
"1839",0,1,0,1,1,1,3,0
"1840",1,1,1,0,0,1,1,1
"1841",1,1,0,1,1,1,4,0
"1842",1,0,1,1,1,1,1,0
"1843",1,1,1,0,0,0,1,1
"1844",1,1,0,0,0,0,3,1
"1845",0,0,0,0,1,0,5,2
"1846",0,1,1,1,1,1,5,0
"1847",1,0,1,0,0,0,1,1
"1848",1,1,1,0,0,0,2,1
"1849",0,0,0,0,0,0,4,2
"1850",1,1,1,0,0,0,2,1
"1851",1,1,1,0,0,0,2,1
"1852",1,1,0,0,0,0,1,1
"1853",1,0,1,1,0,0,1,1
"1854",0,0,0,0,1,0,1,2
"1855",1,1,1,0,0,0,1,1
"1856",0,0,0,0,0,0,5,2
"1857",1,1,1,0,0,0,1,1
"1858",0,0,0,0,0,1,5,2
"1859",0,0,0,0,0,0,5,2
"1860",1,1,1,0,0,0,1,1
"1861",0,0,0,0,0,0,3,2
"1862",0,0,0,0,1,0,4,2
"1863",1,1,0,1,1,0,2,0
"1864",0,0,0,0,0,0,5,2
"1865",1,1,1,1,1,0,4,0
"1866",0,0,0,0,0,0,3,2
"1867",0,0,0,0,0,0,2,2
"1868",1,1,1,0,1,0,2,1
"1869",0,0,0,0,0,0,5,2
"1870",1,1,1,0,0,0,1,1
"1871",1,1,1,0,0,0,3,1
"1872",1,1,1,1,1,1,5,0
"1873",1,1,0,1,1,1,3,0
"1874",1,1,1,0,1,1,1,1
"1875",0,1,1,0,1,0,1,1
"1876",0,0,0,0,1,1,5,2
"1877",1,1,1,0,1,0,1,1
"1878",1,1,1,1,1,1,4,0
"1879",1,1,0,0,0,0,2,1
"1880",0,0,0,0,0,0,5,2
"1881",1,1,0,0,0,0,3,1
"1882",0,0,0,0,0,0,4,2
"1883",0,0,0,0,0,0,5,2
"1884",1,0,1,1,1,1,1,0
"1885",1,1,1,0,0,0,1,1
"1886",1,1,1,0,1,0,1,1
"1887",1,1,1,1,1,1,1,0
"1888",1,0,1,0,0,0,3,1
"1889",1,1,0,0,1,0,4,1
"1890",0,1,1,0,1,0,2,1
"1891",0,1,1,1,1,0,3,2
"1892",1,1,1,1,1,1,3,0
"1893",1,1,1,0,1,1,2,0
"1894",1,1,0,0,0,1,2,1
"1895",1,1,1,0,0,0,1,1
"1896",1,1,1,0,0,0,3,1
"1897",0,0,0,0,0,0,5,2
"1898",1,1,1,0,0,0,2,1
"1899",0,0,0,0,0,0,2,2
"1900",0,0,0,0,0,0,4,2
"1901",0,1,0,0,0,0,5,2
"1902",0,0,0,0,0,0,5,2
"1903",1,0,1,1,1,1,2,0
"1904",1,1,1,1,0,0,1,1
"1905",1,1,1,1,1,1,4,0
"1906",0,0,0,0,0,1,5,2
"1907",1,1,1,0,0,0,2,1
"1908",1,0,0,0,0,0,5,2
"1909",1,1,1,0,1,1,4,0
"1910",1,1,1,1,1,1,4,0
"1911",1,1,1,0,1,0,3,0
"1912",1,1,1,0,0,1,2,1
"1913",1,0,1,1,1,1,4,0
"1914",1,1,1,0,0,1,3,1
"1915",0,0,0,0,0,0,3,2
"1916",0,0,0,0,0,0,5,2
"1917",0,0,0,1,0,0,5,2
"1918",1,1,1,1,1,1,3,0
"1919",0,0,0,0,0,0,5,2
"1920",1,0,1,0,0,0,4,2
"1921",1,1,1,1,1,1,1,0
"1922",0,1,0,0,0,0,4,2
"1923",1,1,1,1,1,1,3,0
"1924",0,0,0,0,0,0,3,2
"1925",0,0,0,0,0,1,4,2
"1926",1,1,1,1,1,1,5,0
"1927",0,0,0,0,1,1,5,2
"1928",1,1,0,0,0,0,3,1
"1929",0,0,0,0,0,0,2,2
"1930",0,0,0,0,0,0,5,2
"1931",0,0,0,1,0,0,4,2
"1932",1,1,0,1,0,1,5,0
"1933",1,1,1,1,1,1,4,0
"1934",0,1,1,1,1,1,3,0
"1935",0,0,0,0,0,1,5,2
"1936",0,0,0,0,1,0,4,2
"1937",0,0,1,0,0,0,3,2
"1938",0,0,0,0,0,1,2,2
"1939",1,0,1,1,1,1,4,0
"1940",1,1,1,0,0,0,2,1
"1941",1,1,1,1,1,1,2,0
"1942",1,1,0,0,0,0,1,1
"1943",0,0,0,0,0,0,5,2
"1944",0,0,0,0,0,0,4,2
"1945",1,1,1,1,1,1,2,0
"1946",1,1,1,1,1,1,1,0
"1947",1,1,1,1,1,1,3,0
"1948",0,1,1,0,0,1,4,0
"1949",1,0,0,0,1,1,2,2
"1950",0,0,0,0,1,0,5,2
"1951",1,1,0,0,0,0,1,1
"1952",1,1,1,1,0,1,2,1
"1953",0,0,0,0,1,0,5,2
"1954",1,1,1,0,0,0,2,1
"1955",1,1,1,1,1,1,4,0
"1956",1,1,1,1,1,1,4,0
"1957",1,1,0,1,1,1,4,0
"1958",1,1,1,1,1,1,1,0
"1959",1,0,0,1,1,1,4,0
"1960",1,0,0,0,0,0,5,2
"1961",0,1,1,0,0,0,2,1
"1962",1,1,0,1,1,1,3,0
"1963",1,1,0,0,0,1,5,1
"1964",0,0,0,0,0,0,5,2
"1965",0,1,1,1,1,1,4,0
"1966",1,1,1,0,0,0,1,1
"1967",1,1,1,0,0,0,2,1
"1968",0,1,1,1,1,1,1,0
"1969",1,1,1,1,1,1,2,0
"1970",1,1,1,0,0,0,2,1
"1971",1,1,1,0,0,0,1,1
"1972",1,0,0,0,0,0,5,2
"1973",1,1,1,0,0,0,2,1
"1974",1,1,1,1,1,1,1,0
"1975",1,1,1,0,0,0,2,1
"1976",1,1,1,1,0,1,3,1
"1977",1,1,1,1,0,1,5,0
"1978",0,0,0,0,0,0,4,2
"1979",1,1,0,1,1,1,2,0
"1980",1,1,1,1,1,1,3,0
"1981",1,1,1,1,0,1,4,0
"1982",0,0,0,0,0,0,4,2
"1983",1,1,1,0,1,1,2,0
"1984",0,1,1,0,0,0,1,1
"1985",1,1,1,1,1,1,2,0
"1986",1,0,1,1,1,1,3,0
"1987",1,0,0,0,0,0,4,2
"1988",1,1,1,0,0,0,2,1
"1989",1,1,1,0,0,0,1,1
"1990",1,1,1,0,0,0,2,1
"1991",0,0,0,0,0,1,5,2
"1992",1,1,1,0,0,0,1,1
"1993",1,1,1,1,1,1,3,0
"1994",0,0,0,0,0,0,4,2
"1995",1,1,1,0,0,0,2,1
"1996",0,0,0,0,0,1,1,2
"1997",0,1,0,0,0,0,5,2
"1998",1,1,1,0,0,1,1,1
"1999",1,1,1,1,1,1,5,0
"2000",1,1,1,1,1,1,3,0
